Filename,Title,Keywords,Category
WhatsApp Image 2025-12-24 at 4.06.36 AM.jpeg,A soft light blue baby blanket featuring the embroidered name Nico and a detailed black motorcycle design offering warmth and personalized comfort for,"baby,blanket,nico,name,personalized,custom,embroidery,embroidered,motorcycle,motorbike,chopper,vehicle,transport,blue,light blue,pastel,soft,cozy,comfortable,infant,newborn,child,nursery,gift,present,textile,fabric,minky,dots,texture,pattern,baby shower,welcome baby,baby boy,boy,children,kids,cute,sweet,gentle,warm,new,celebration,birth,family",12. 12. Lifestyle
WhatsApp Image 2025-12-24 at 3.57.20 AM.jpeg,Vector illustration of Zoryana a sportfishing yacht with a tuna tower sailing through blue ocean waves A serene maritime adventure scene,"boat,yacht,sportfishing,fishing,vessel,marine,ocean,sea,water,waves,blue,white,gray,illustration,vector,drawing,graphic,art,design,nautical,travel,adventure,recreation,leisure,lifestyle,summer,vacation,channel islands,california,zoryana,tuna tower,fishing boat,motor yacht,transportation,maritime,hobby,journey,voyage,offshore,navigation,seascape,tranquil,calm,clean,cruise",9. 9. Hobbies and Leisure
WhatsApp Image 2025-12-24 at 3.57.19 AM.jpeg,Embroidered luxury yacht design sailing on blue ocean waves with ZORYANA text on dark black fabric within a white embroidery frame showing fine detail,"Embroidery,Embroidered,Design,Craft,Textile,Fabric,Thread,Stitch,Stitching,Machine embroidery,Hoop,Frame,Handicraft,Art,Artwork,Nautical,Boat,Yacht,Ship,Vessel,Ocean,Sea,Water,Waves,Marine,Luxury,Vacation,Travel,Adventure,Sportfishing,Fishing,Custom,Personal,Personalized,Black,Dark,White,Blue,Grey,Text,Lettering,Name,ZORYANA,Channel Islands,California",12. 12. Lifestyle
WhatsApp Image 2025-12-24 at 3.48.00 AM.jpeg,Intense orange fox head mascot peeking through green swamp reeds and cattails with bold SWAMP FOX text below its fierce expression and bushy tail,"Fox,Animal,Wildlife,Creature,Mammal,Swamp,Wetland,Marsh,Nature,Environment,Reeds,Grass,Cattail,Plants,Vegetation,Head,Face,Eyes,Tail,Ears,Orange,Green,Brown,White,Black,Graphic,Illustration,Design,Logo,Emblem,Mascot,Cartoon,Wild,Fierce,Intense,Sly,Cunning,Stealthy,Powerful,Predatory,Outdoor,Wilderness,Art,Drawing,Vector",8. 8. Graphic Resources
WhatsApp Image 2025-12-24 at 3.47.58 AM.jpeg,Embroidered orange fox head with intense eyes through green swamp reeds White and orange Swamp Fox text on dark fabric shows a wild design,"Embroidery,Fox,Swamp,Animal,Wildlife,Nature,Design,Art,Textile,Orange,Green,White,Black,Fabric,Graphic,Head,Eyes,Reeds,Grass,Wild,Mysterious,Stealthy,Creature,Illustration,Thread,Stitch,Patch,Clothing,Apparel,Symbol,Mascot,Badge,Logo,Motif,Outdoors,Habitat,Wetland,Hunter,Predator,Woodland,Fur,Tail,Wilderness,Forest,Artistic",1. 1. Animals
WhatsApp Image 2025-12-24 at 3.43.54 AM (1).jpeg,A delightful illustration of a warm campfire scene with two marshmallows on sticks roasting over bright yellow orange flames for a cozy outdoor evenin,"campfire,marshmallow,roasting,fire,flame,wood,stick,camping,recreation,outdoor,fun,evening,night,summer,warmth,cozy,adventure,wilderness,snack,dessert,food,sweet,cooking,traditional,illustration,cartoon,graphic,drawing,simple,vector,clip art,icon,symbol,design,element,yellow,orange,red,brown,white,black,heat,glow,light,comfort",9. 9. Hobbies and Leisure
WhatsApp Image 2025-12-24 at 3.43.54 AM.jpeg,Detailed embroidered patch showcasing a vibrant campfire scene for the Sisters At The Settlers 2022 event Two marshmallows are roasting over warm yell,"patch,embroidery,campfire,marshmallows,flame,fire,logs,sticks,event,gathering,reunion,sisters,settlers,2022,year,date,commemorative,nostalgic,outdoor,adventure,cozy,friendly,camping,scouting,badge,textile,craft,design,illustration,graphic,blue,yellow,orange,brown,white,close up,detail,textured,fabric,symbol,emblem,memory,celebration,trip,travel",12. 12. Lifestyle
WhatsApp Image 2025-12-24 at 3.40.25 AM.jpeg,Determined white bulldog head graphic with a spiky collar positioned next to a prominent red letter E on a clean white background conveying strength a,"Bulldog,Head,Dog,Animal,Mascot,Logo,Graphic,Illustration,White,Red,Black,Letter E,Alphabet,Capital letter,Spiked collar,Collar,Strong,Strength,Power,Powerful,Determination,Determined,Loyal,Loyalty,School spirit,Team spirit,Sports,University,College,Education,Emblem,Symbol,Brand,Branding,Icon,Vector,Cartoon,Character,Canine,Pet,Fierce,Courage,Bold,Design,Flat design",8. 8. Graphic Resources
WhatsApp Image 2025-12-24 at 3.40.24 AM.jpeg,Brown pebbled football white laces red E gray bulldog mascot head embroidery on dark soft background even light collegiate sports teamspirit,"football,american football,sports,collegiate,team,spirit,game,athletics,ball,brown,leather,pebbled,texture,laces,white,red,E,letter E,bulldog,mascot,gray,emblem,logo,embroidered,stitching,dark background,soft background,university,college,academy,championship,play,field,equipment,gear,close up,detail,indoor,studio shot,still life,fan,supporter,competitive,education,school",18. 18. Sports
WhatsApp Image 2025-12-24 at 3.25.49 AM (1).jpeg,Embroidered patch design showing a menacing skull with a fierce copperhead snake and crossed pistols on a blue shield a strong symbol,"embroidered,patch,emblem,logo,skull,skeleton,bone,snake,serpent,copperhead,viper,reptile,pistols,guns,weapons,crossed,shield,badge,heraldry,motorcycle,club,biker,gang,law enforcement,LE MC,police,officer,international,military,army,marine,navy,security,danger,dangerous,aggressive,fierce,power,strength,rebellion,intimidating,graphic,design,symbol,tradition",12. 12. Lifestyle
WhatsApp Image 2025-12-24 at 3.25.49 AM.jpeg,Black leather motorcycle vest with embroidered skull snake and pistol patches featuring COPPERHEADS and NEW YORK text reflecting a bold biker style,"leather,vest,motorcycle,biker,patches,embroidered,skull,snake,pistols,gun,weapon,rebellion,culture,lifestyle,tough,rugged,dark,black,apparel,clothing,fashion,style,emblem,badge,symbol,design,graphic,artwork,detail,texture,fabric,vintage,retro,edgy,cool,dangerous,freedom,journey,road,travel,club,gang,new york,copperheads,le mc",15. 15. Culture and Religion
